,url,n_papers
0,https://inspirehep.net/api/conferences/1847040,2
1,https://inspirehep.net/api/conferences/1774115,36
2,https://inspirehep.net/api/conferences/1788497,10
3,https://inspirehep.net/api/conferences/1707423,42
4,https://inspirehep.net/api/conferences/2064675,10
5,https://inspirehep.net/api/conferences/1835249,22
6,https://inspirehep.net/api/conferences/2079305,3
7,https://inspirehep.net/api/conferences/1803127,1
8,https://inspirehep.net/api/conferences/1852936,2
9,https://inspirehep.net/api/conferences/1939199,11
10,https://inspirehep.net/api/conferences/1852584,2
11,https://inspirehep.net/api/conferences/2167197,2
12,https://inspirehep.net/api/conferences/1868067,3
13,https://inspirehep.net/api/conferences/1850995,2
14,https://inspirehep.net/api/conferences/2649155,1
15,https://inspirehep.net/api/conferences/1908990,2
16,https://inspirehep.net/api/conferences/2106296,6
17,https://inspirehep.net/api/conferences/1897159,4
18,https://inspirehep.net/api/conferences/1794610,13
19,https://inspirehep.net/api/conferences/2630390,5
20,https://inspirehep.net/api/conferences/1869339,4
21,https://inspirehep.net/api/conferences/1920197,1
22,https://inspirehep.net/api/conferences/2086341,7
23,https://inspirehep.net/api/conferences/2182272,1
24,https://inspirehep.net/api/conferences/1920868,1
25,https://inspirehep.net/api/conferences/2063889,2
26,https://inspirehep.net/api/conferences/1839514,3
27,https://inspirehep.net/api/conferences/2047781,1
28,https://inspirehep.net/api/conferences/2034613,1
29,https://inspirehep.net/api/conferences/1939198,1
30,https://inspirehep.net/api/conferences/2049969,1
31,https://inspirehep.net/api/conferences/2113205,1
32,https://inspirehep.net/api/conferences/2134115,4
33,https://inspirehep.net/api/conferences/1812016,3
34,https://inspirehep.net/api/conferences/2634374,1
35,https://inspirehep.net/api/conferences/1996471,1
36,https://inspirehep.net/api/conferences/1914251,1
37,https://inspirehep.net/api/conferences/1827393,1
38,https://inspirehep.net/api/conferences/2636564,1
39,https://inspirehep.net/api/conferences/1266336,1
40,https://inspirehep.net/api/conferences/2027559,1
41,https://inspirehep.net/api/conferences/2632633,1
42,https://inspirehep.net/api/conferences/1677252,1
43,https://inspirehep.net/api/conferences/1914506,1
